date,fuel,nat_avg,nat_min,nat_max,n_stations
2020-01-06,diesel,1.4892,,,
2020-01-06,benzina,1.5901,,,
2020-01-06,gpl,0.6318,,,
2020-01-13,diesel,1.4934,,,
2020-01-13,benzina,1.5938,,,
2020-01-13,gpl,0.6419,,,
2020-01-20,diesel,1.4886,,,
2020-01-20,benzina,1.5871,,,
2020-01-20,gpl,0.6439,,,
2020-01-27,diesel,1.4823,,,
2020-01-27,benzina,1.5871,,,
2020-01-27,gpl,0.6440,,,
2020-02-03,diesel,1.4690,,,
2020-02-03,benzina,1.5705,,,
2020-02-03,gpl,0.6436,,,
2020-02-10,diesel,1.4507,,,
2020-02-10,benzina,1.5547,,,
2020-02-10,gpl,0.6359,,,
2020-02-17,diesel,1.4414,,,
2020-02-17,benzina,1.5471,,,
2020-02-17,gpl,0.6338,,,
2020-02-24,diesel,1.4394,,,
2020-02-24,benzina,1.5455,,,
2020-02-24,gpl,0.6310,,,
2020-03-02,diesel,1.4322,,,
2020-03-02,benzina,1.5402,,,
2020-03-02,gpl,0.6279,,,
2020-03-09,diesel,1.4142,,,
2020-03-09,benzina,1.5223,,,
2020-03-09,gpl,0.6211,,,
2020-03-16,diesel,1.3890,,,
2020-03-16,benzina,1.4966,,,
2020-03-16,gpl,0.6166,,,
2020-03-23,diesel,1.3685,,,
2020-03-23,benzina,1.4775,,,
2020-03-23,gpl,0.6156,,,
2020-03-30,diesel,1.3478,,,
2020-03-30,benzina,1.4565,,,
2020-03-30,gpl,0.6159,,,
2020-04-06,diesel,1.3280,,,
2020-04-06,benzina,1.4368,,,
2020-04-06,gpl,0.6073,,,
2020-04-20,diesel,1.3064,,,
2020-04-20,benzina,1.4113,,,
2020-04-20,gpl,0.6012,,,
2020-04-27,diesel,1.2871,,,
2020-04-27,benzina,1.3916,,,
2020-04-27,gpl,0.5990,,,
2020-05-04,diesel,1.2671,,,
2020-05-04,benzina,1.3743,,,
2020-05-04,gpl,0.5977,,,
2020-05-11,diesel,1.2528,,,
2020-05-11,benzina,1.3620,,,
2020-05-11,gpl,0.5953,,,
2020-05-18,diesel,1.2474,,,
2020-05-18,benzina,1.3567,,,
2020-05-18,gpl,0.5938,,,
2020-05-25,diesel,1.2564,,,
2020-05-25,benzina,1.3668,,,
2020-05-25,gpl,0.5932,,,
2020-06-01,diesel,1.2608,,,
2020-06-01,benzina,1.3715,,,
2020-06-01,gpl,0.5929,,,
2020-06-08,diesel,1.2604,,,
2020-06-08,benzina,1.3710,,,
2020-06-08,gpl,0.5932,,,
2020-06-15,diesel,1.2665,,,
2020-06-15,benzina,1.3778,,,
2020-06-15,gpl,0.5935,,,
2020-06-22,diesel,1.2731,,,
2020-06-22,benzina,1.3854,,,
2020-06-22,gpl,0.5935,,,
2020-06-29,diesel,1.2855,,,
2020-06-29,benzina,1.3992,,,
2020-06-29,gpl,0.5943,,,
2020-07-06,diesel,1.2878,,,
2020-07-06,benzina,1.4008,,,
2020-07-06,gpl,0.5938,,,
2020-07-13,diesel,1.2903,,,
2020-07-13,benzina,1.4038,,,
2020-07-13,gpl,0.5942,,,
2020-07-20,diesel,1.2908,,,
2020-07-20,benzina,1.4046,,,
2020-07-20,gpl,0.5943,,,
2020-07-27,diesel,1.2897,,,
2020-07-27,benzina,1.4036,,,
2020-07-27,gpl,0.5944,,,
2020-08-03,diesel,1.2883,,,
2020-08-03,benzina,1.4017,,,
2020-08-03,gpl,0.5944,,,
2020-08-10,diesel,1.2843,,,
2020-08-10,benzina,1.3977,,,
2020-08-10,gpl,0.5940,,,
2020-08-17,diesel,1.2845,,,
2020-08-17,benzina,1.3982,,,
2020-08-17,gpl,0.5943,,,
2020-08-24,diesel,1.2856,,,
2020-08-24,benzina,1.3997,,,
2020-08-24,gpl,0.5959,,,
2020-08-31,diesel,1.2852,,,
2020-08-31,benzina,1.4001,,,
2020-08-31,gpl,0.5946,,,
2020-09-07,diesel,1.2816,,,
2020-09-07,benzina,1.3985,,,
2020-09-07,gpl,0.5935,,,
2020-09-14,diesel,1.2743,,,
2020-09-14,benzina,1.3920,,,
2020-09-14,gpl,0.5934,,,
2020-09-21,diesel,1.2674,,,
2020-09-21,benzina,1.3887,,,
2020-09-21,gpl,0.5927,,,
2020-09-28,diesel,1.2649,,,
2020-09-28,benzina,1.3895,,,
2020-09-28,gpl,0.5923,,,
2020-10-05,diesel,1.2627,,,
2020-10-05,benzina,1.3882,,,
2020-10-05,gpl,0.5917,,,
2020-10-12,diesel,1.2610,,,
2020-10-12,benzina,1.3886,,,
2020-10-12,gpl,0.5918,,,
2020-10-19,diesel,1.2605,,,
2020-10-19,benzina,1.3891,,,
2020-10-19,gpl,0.5924,,,
2020-10-26,diesel,1.2585,,,
2020-10-26,benzina,1.3877,,,
2020-10-26,gpl,0.5919,,,
2020-11-02,diesel,1.2548,,,
2020-11-02,benzina,1.3839,,,
2020-11-02,gpl,0.5915,,,
2020-11-09,diesel,1.2487,,,
2020-11-09,benzina,1.3783,,,
2020-11-09,gpl,0.5925,,,
2020-11-16,diesel,1.2553,,,
2020-11-16,benzina,1.3855,,,
2020-11-16,gpl,0.5935,,,
2020-11-23,diesel,1.2641,,,
2020-11-23,benzina,1.3932,,,
2020-11-23,gpl,0.5970,,,
2020-11-30,diesel,1.2752,,,
2020-11-30,benzina,1.4036,,,
2020-11-30,gpl,0.6034,,,
2020-12-07,diesel,1.2838,,,
2020-12-07,benzina,1.4093,,,
2020-12-07,gpl,0.6065,,,
2020-12-14,diesel,1.2883,,,
2020-12-14,benzina,1.4125,,,
2020-12-14,gpl,0.6096,,,
2020-12-21,diesel,1.3043,,,
2020-12-21,benzina,1.4276,,,
2020-12-21,gpl,0.6167,,,
2021-01-11,diesel,1.3250,,,
2021-01-11,benzina,1.4501,,,
2021-01-11,gpl,0.6289,,,
2021-01-18,diesel,1.3395,,,
2021-01-18,benzina,1.4660,,,
2021-01-18,gpl,0.6332,,,
2021-01-25,diesel,1.3465,,,
2021-01-25,benzina,1.4762,,,
2021-01-25,gpl,0.6361,,,
2021-02-01,diesel,1.3506,,,
2021-02-01,benzina,1.4800,,,
2021-02-01,gpl,0.6371,,,
2021-02-08,diesel,1.3607,,,
2021-02-08,benzina,1.4889,,,
2021-02-08,gpl,0.6404,,,
2021-02-15,diesel,1.3729,,,
2021-02-15,benzina,1.5004,,,
2021-02-15,gpl,0.6418,,,
2021-02-22,diesel,1.3909,,,
2021-02-22,benzina,1.5185,,,
2021-02-22,gpl,0.6454,,,
2021-03-01,diesel,1.4084,,,
2021-03-01,benzina,1.5366,,,
2021-03-01,gpl,0.6489,,,
2021-03-08,diesel,1.4212,,,
2021-03-08,benzina,1.5497,,,
2021-03-08,gpl,0.6543,,,
2021-03-15,diesel,1.4361,,,
2021-03-15,benzina,1.5662,,,
2021-03-15,gpl,0.6584,,,
2021-03-22,diesel,1.4450,,,
2021-03-22,benzina,1.5788,,,
2021-03-22,gpl,0.6605,,,
2021-03-29,diesel,1.4403,,,
2021-03-29,benzina,1.5753,,,
2021-03-29,gpl,0.6628,,,
2021-04-12,diesel,1.4352,,,
2021-04-12,benzina,1.5735,,,
2021-04-12,gpl,0.6636,,,
2021-04-19,diesel,1.4357,,,
2021-04-19,benzina,1.5745,,,
2021-04-19,gpl,0.6629,,,
2021-04-26,diesel,1.4376,,,
2021-04-26,benzina,1.5770,,,
2021-04-26,gpl,0.6632,,,
2021-05-03,diesel,1.4388,,,
2021-05-03,benzina,1.5789,,,
2021-05-03,gpl,0.6649,,,
2021-05-10,diesel,1.4472,,,
2021-05-10,benzina,1.5878,,,
2021-05-10,gpl,0.6647,,,
2021-05-17,diesel,1.4526,,,
2021-05-17,benzina,1.5931,,,
2021-05-17,gpl,0.6649,,,
2021-05-24,diesel,1.4513,,,
2021-05-24,benzina,1.5924,,,
2021-05-24,gpl,0.6617,,,
2021-05-31,diesel,1.4480,,,
2021-05-31,benzina,1.5900,,,
2021-05-31,gpl,0.6615,,,
2021-06-07,diesel,1.4576,,,
2021-06-07,benzina,1.5990,,,
2021-06-07,gpl,0.6624,,,
2021-06-14,diesel,1.4648,,,
2021-06-14,benzina,1.6055,,,
2021-06-14,gpl,0.6642,,,
2021-06-21,diesel,1.4742,,,
2021-06-21,benzina,1.6145,,,
2021-06-21,gpl,0.6665,,,
2021-06-28,diesel,1.4858,,,
2021-06-28,benzina,1.6246,,,
2021-06-28,gpl,0.6668,,,
2021-07-05,diesel,1.4945,,,
2021-07-05,benzina,1.6343,,,
2021-07-05,gpl,0.6704,,,
2021-07-12,diesel,1.5079,,,
2021-07-12,benzina,1.6496,,,
2021-07-12,gpl,0.6740,,,
2021-07-19,diesel,1.5128,,,
2021-07-19,benzina,1.6553,,,
2021-07-19,gpl,0.6836,,,
2021-07-26,diesel,1.5106,,,
2021-07-26,benzina,1.6536,,,
2021-07-26,gpl,0.6858,,,
2021-08-02,diesel,1.5102,,,
2021-08-02,benzina,1.6555,,,
2021-08-02,gpl,0.6860,,,
2021-08-09,diesel,1.5100,,,
2021-08-09,benzina,1.6574,,,
2021-08-09,gpl,0.6923,,,
2021-08-16,diesel,1.5077,,,
2021-08-16,benzina,1.6562,,,
2021-08-16,gpl,0.6954,,,
2021-08-23,diesel,1.5034,,,
2021-08-23,benzina,1.6524,,,
2021-08-23,gpl,0.6970,,,
2021-08-30,diesel,1.5000,,,
2021-08-30,benzina,1.6502,,,
2021-08-30,gpl,0.6964,,,
2021-09-06,diesel,1.5041,,,
2021-09-06,benzina,1.6552,,,
2021-09-06,gpl,0.7011,,,
2021-09-13,diesel,1.5101,,,
2021-09-13,benzina,1.6621,,,
2021-09-13,gpl,0.7093,,,
2021-09-20,diesel,1.5166,,,
2021-09-20,benzina,1.6707,,,
2021-09-20,gpl,0.7100,,,
2021-09-27,diesel,1.5235,,,
2021-09-27,benzina,1.6764,,,
2021-09-27,gpl,0.7127,,,
2021-10-04,diesel,1.5367,,,
2021-10-04,benzina,1.6869,,,
2021-10-04,gpl,0.7174,,,
2021-10-11,diesel,1.5671,,,
2021-10-11,benzina,1.7131,,,
2021-10-11,gpl,0.7831,,,
2021-10-18,diesel,1.5932,,,
2021-10-18,benzina,1.7338,,,
2021-10-18,gpl,0.8177,,,
2021-10-25,diesel,1.6079,,,
2021-10-25,benzina,1.7458,,,
2021-10-25,gpl,0.8256,,,
2021-11-01,diesel,1.6131,,,
2021-11-01,benzina,1.7492,,,
2021-11-01,gpl,0.8302,,,
2021-11-08,diesel,1.6138,,,
2021-11-08,benzina,1.7508,,,
2021-11-08,gpl,0.8324,,,
2021-11-15,diesel,1.6129,,,
2021-11-15,benzina,1.7496,,,
2021-11-15,gpl,0.8339,,,
2021-11-22,diesel,1.6113,,,
2021-11-22,benzina,1.7469,,,
2021-11-22,gpl,0.8353,,,
2021-11-29,diesel,1.6075,,,
2021-11-29,benzina,1.7428,,,
2021-11-29,gpl,0.8353,,,
2021-12-06,diesel,1.5978,,,
2021-12-06,benzina,1.7329,,,
2021-12-06,gpl,0.8291,,,
2021-12-13,diesel,1.5904,,,
2021-12-13,benzina,1.7253,,,
2021-12-13,gpl,0.8222,,,
2021-12-20,diesel,1.5871,,,
2021-12-20,benzina,1.7225,,,
2021-12-20,gpl,0.8192,,,
2022-01-03,diesel,1.5879,,,
2022-01-03,benzina,1.7231,,,
2022-01-03,gpl,0.8183,,,
2022-01-10,diesel,1.5980,,,
2022-01-10,benzina,1.7334,,,
2022-01-10,gpl,0.8190,,,
2022-01-17,diesel,1.6202,,,
2022-01-17,benzina,1.7543,,,
2022-01-17,gpl,0.8171,,,
2022-01-24,diesel,1.6471,,,
2022-01-24,benzina,1.7786,,,
2022-01-24,gpl,0.8167,,,
2022-01-31,diesel,1.6673,,,
2022-01-31,benzina,1.7967,,,
2022-01-31,gpl,0.8174,,,
2022-02-07,diesel,1.6906,,,
2022-02-07,benzina,1.8193,,,
2022-02-07,gpl,0.8177,,,
2022-02-14,diesel,1.7082,,,
2022-02-14,benzina,1.8353,,,
2022-02-14,gpl,0.8165,,,
2022-02-21,diesel,1.7224,,,
2022-02-21,benzina,1.8499,,,
2022-02-21,gpl,0.8168,,,
2022-02-28,diesel,1.7405,,,
2022-02-28,benzina,1.8689,,,
2022-02-28,gpl,0.8173,,,
2022-03-07,diesel,1.8293,,,
2022-03-07,benzina,1.9531,,,
2022-03-07,gpl,0.8535,,,
2022-03-14,diesel,2.1546,,,
2022-03-14,benzina,2.1846,,,
2022-03-14,gpl,0.8707,,,
2022-03-21,diesel,2.1246,,,
2022-03-21,benzina,2.1372,,,
2022-03-21,gpl,0.8768,,,
2022-03-28,diesel,1.8579,,,
2022-03-28,benzina,1.8704,,,
2022-03-28,gpl,0.8435,,,
2022-04-04,diesel,1.7882,,,
2022-04-04,benzina,1.7927,,,
2022-04-04,gpl,0.8297,,,
2022-04-11,diesel,1.7606,,,
2022-04-11,benzina,1.7654,,,
2022-04-11,gpl,0.8373,,,
2022-04-25,diesel,1.7674,,,
2022-04-25,benzina,1.7663,,,
2022-04-25,gpl,0.8405,,,
2022-05-02,diesel,1.7911,,,
2022-05-02,benzina,1.7783,,,
2022-05-02,gpl,0.8448,,,
2022-05-09,diesel,1.8306,,,
2022-05-09,benzina,1.8083,,,
2022-05-09,gpl,0.8377,,,
2022-05-16,diesel,1.8280,,,
2022-05-16,benzina,1.8231,,,
2022-05-16,gpl,0.8343,,,
2022-05-23,diesel,1.8199,,,
2022-05-23,benzina,1.8731,,,
2022-05-23,gpl,0.8321,,,
2022-05-30,diesel,1.8128,,,
2022-05-30,benzina,1.8855,,,
2022-05-30,gpl,0.8309,,,
2022-06-06,diesel,1.8515,,,
2022-06-06,benzina,1.9405,,,
2022-06-06,gpl,0.8303,,,
2022-06-13,diesel,1.9353,,,
2022-06-13,benzina,2.0143,,,
2022-06-13,gpl,0.8298,,,
2022-06-20,diesel,2.0060,,,
2022-06-20,benzina,2.0635,,,
2022-06-20,gpl,0.8297,,,
2022-06-27,diesel,2.0338,,,
2022-06-27,benzina,2.0740,,,
2022-06-27,gpl,0.8296,,,
2022-07-04,diesel,2.0225,,,
2022-07-04,benzina,2.0651,,,
2022-07-04,gpl,0.8289,,,
2022-07-11,diesel,1.9816,,,
2022-07-11,benzina,2.0284,,,
2022-07-11,gpl,0.8268,,,
2022-07-18,diesel,1.9409,,,
2022-07-18,benzina,1.9887,,,
2022-07-18,gpl,0.8254,,,
2022-07-25,diesel,1.8945,,,
2022-07-25,benzina,1.9375,,,
2022-07-25,gpl,0.8236,,,
2022-08-01,diesel,1.8517,,,
2022-08-01,benzina,1.8772,,,
2022-08-01,gpl,0.8207,,,
2022-08-08,diesel,1.8113,,,
2022-08-08,benzina,1.8306,,,
2022-08-08,gpl,0.8090,,,
2022-08-15,diesel,1.7565,,,
2022-08-15,benzina,1.7702,,,
2022-08-15,gpl,0.8004,,,
2022-08-22,diesel,1.7444,,,
2022-08-22,benzina,1.7493,,,
2022-08-22,gpl,0.8051,,,
2022-08-29,diesel,1.8087,,,
2022-08-29,benzina,1.7615,,,
2022-08-29,gpl,0.7983,,,
2022-09-05,diesel,1.8384,,,
2022-09-05,benzina,1.7466,,,
2022-09-05,gpl,0.8023,,,
2022-09-12,diesel,1.8278,,,
2022-09-12,benzina,1.7222,,,
2022-09-12,gpl,0.8025,,,
2022-09-19,diesel,1.8031,,,
2022-09-19,benzina,1.6915,,,
2022-09-19,gpl,0.8006,,,
2022-09-26,diesel,1.7617,,,
2022-09-26,benzina,1.6561,,,
2022-09-26,gpl,0.7994,,,
2022-10-03,diesel,1.7383,,,
2022-10-03,benzina,1.6328,,,
2022-10-03,gpl,0.7967,,,
2022-10-10,diesel,1.7890,,,
2022-10-10,benzina,1.6598,,,
2022-10-10,gpl,0.7949,,,
2022-10-17,diesel,1.8827,,,
2022-10-17,benzina,1.6976,,,
2022-10-17,gpl,0.7937,,,
2022-10-24,diesel,1.8801,,,
2022-10-24,benzina,1.6912,,,
2022-10-24,gpl,0.7872,,,
2022-10-31,diesel,1.8655,,,
2022-10-31,benzina,1.6777,,,
2022-10-31,gpl,0.7778,,,
2022-11-07,diesel,1.8586,,,
2022-11-07,benzina,1.6877,,,
2022-11-07,gpl,0.7792,,,
2022-11-14,diesel,1.8525,,,
2022-11-14,benzina,1.7099,,,
2022-11-14,gpl,0.7769,,,
2022-11-21,diesel,1.8099,,,
2022-11-21,benzina,1.6971,,,
2022-11-21,gpl,0.7716,,,
2022-11-28,diesel,1.7479,,,
2022-11-28,benzina,1.6598,,,
2022-11-28,gpl,0.7683,,,
2022-12-05,diesel,1.7647,,,
2022-12-05,benzina,1.6894,,,
2022-12-05,gpl,0.7765,,,
2022-12-12,diesel,1.7701,,,
2022-12-12,benzina,1.7016,,,
2022-12-12,gpl,0.7849,,,
2022-12-19,diesel,1.7171,,,
2022-12-19,benzina,1.6630,,,
2022-12-19,gpl,0.7705,,,
2022-12-26,diesel,1.6898,,,
2022-12-26,benzina,1.6252,,,
2022-12-26,gpl,0.7776,,,
2023-01-02,diesel,1.8908,,,
2023-01-02,benzina,1.8271,,,
2023-01-02,gpl,0.8177,,,
2023-01-09,diesel,1.8681,,,
2023-01-09,benzina,1.8120,,,
2023-01-09,gpl,0.8095,,,
2023-01-16,diesel,1.8637,,,
2023-01-16,benzina,1.8136,,,
2023-01-16,gpl,0.7997,,,
2023-01-23,diesel,1.8751,,,
2023-01-23,benzina,1.8295,,,
2023-01-23,gpl,0.7979,,,
2023-01-30,diesel,1.9123,,,
2023-01-30,benzina,1.8713,,,
2023-01-30,gpl,0.7965,,,
2023-02-06,diesel,1.8970,,,
2023-02-06,benzina,1.8724,,,
2023-02-06,gpl,0.7926,,,
2023-02-13,diesel,1.8532,,,
2023-02-13,benzina,1.8597,,,
2023-02-13,gpl,0.8010,,,
2023-02-20,diesel,1.8366,,,
2023-02-20,benzina,1.8600,,,
2023-02-20,gpl,0.8032,,,
2023-02-27,diesel,1.8217,,,
2023-02-27,benzina,1.8565,,,
2023-02-27,gpl,0.8045,,,
2023-03-06,diesel,1.8091,,,
2023-03-06,benzina,1.8528,,,
2023-03-06,gpl,0.8026,,,
2023-03-13,diesel,1.8126,,,
2023-03-13,benzina,1.8599,,,
2023-03-13,gpl,0.8002,,,
2023-03-20,diesel,1.8018,,,
2023-03-20,benzina,1.8553,,,
2023-03-20,gpl,0.7980,,,
2023-03-27,diesel,1.8007,,,
2023-03-27,benzina,1.8509,,,
2023-03-27,gpl,0.7956,,,
2023-04-03,diesel,1.7667,,,
2023-04-03,benzina,1.8581,,,
2023-04-03,gpl,0.7935,,,
2023-04-10,diesel,1.7672,,,
2023-04-10,benzina,1.8753,,,
2023-04-10,gpl,0.7891,,,
2023-04-17,diesel,1.7665,,,
2023-04-17,benzina,1.8857,,,
2023-04-17,gpl,0.7839,,,
2023-04-24,diesel,1.7456,,,
2023-04-24,benzina,1.8780,,,
2023-04-24,gpl,0.7741,,,
2023-05-01,diesel,1.7108,,,
2023-05-01,benzina,1.8575,,,
2023-05-01,gpl,0.7720,,,
2023-05-08,diesel,1.6799,,,
2023-05-08,benzina,1.8348,,,
2023-05-08,gpl,0.7687,,,
2023-05-15,diesel,1.6541,,,
2023-05-15,benzina,1.8116,,,
2023-05-15,gpl,0.7622,,,
2023-05-22,diesel,1.6503,,,
2023-05-22,benzina,1.8075,,,
2023-05-22,gpl,0.7591,,,
2023-05-29,diesel,1.6623,,,
2023-05-29,benzina,1.8185,,,
2023-05-29,gpl,0.7568,,,
2023-06-05,diesel,1.6614,,,
2023-06-05,benzina,1.8222,,,
2023-06-05,gpl,0.7520,,,
2023-06-12,diesel,1.6684,,,
2023-06-12,benzina,1.8314,,,
2023-06-12,gpl,0.7398,,,
2023-06-19,diesel,1.6773,,,
2023-06-19,benzina,1.8410,,,
2023-06-19,gpl,0.7341,,,
2023-06-26,diesel,1.6903,,,
2023-06-26,benzina,1.8524,,,
2023-06-26,gpl,0.7275,,,
2023-07-03,diesel,1.6850,,,
2023-07-03,benzina,1.8465,,,
2023-07-03,gpl,0.7202,,,
2023-07-10,diesel,1.6838,,,
2023-07-10,benzina,1.8448,,,
2023-07-10,gpl,0.7158,,,
2023-07-17,diesel,1.7033,,,
2023-07-17,benzina,1.8596,,,
2023-07-17,gpl,0.7123,,,
2023-07-24,diesel,1.7096,,,
2023-07-24,benzina,1.8640,,,
2023-07-24,gpl,0.7096,,,
2023-07-31,diesel,1.7461,,,
2023-07-31,benzina,1.8980,,,
2023-07-31,gpl,0.7083,,,
2023-08-07,diesel,1.7964,,,
2023-08-07,benzina,1.9292,,,
2023-08-07,gpl,0.7085,,,
2023-08-14,diesel,1.8277,,,
2023-08-14,benzina,1.9391,,,
2023-08-14,gpl,0.7099,,,
2023-08-21,diesel,1.8453,,,
2023-08-21,benzina,1.9462,,,
2023-08-21,gpl,0.7158,,,
2023-08-28,diesel,1.8473,,,
2023-08-28,benzina,1.9477,,,
2023-08-28,gpl,0.7092,,,
2023-09-04,diesel,1.8556,,,
2023-09-04,benzina,1.9545,,,
2023-09-04,gpl,0.7073,,,
2023-09-11,diesel,1.8767,,,
2023-09-11,benzina,1.9696,,,
2023-09-11,gpl,0.7120,,,
2023-09-18,diesel,1.9240,,,
2023-09-18,benzina,1.9973,,,
2023-09-18,gpl,0.7148,,,
2023-09-25,diesel,1.9382,,,
2023-09-25,benzina,2.0019,,,
2023-09-25,gpl,0.7158,,,
2023-10-02,diesel,1.9321,,,
2023-10-02,benzina,1.9916,,,
2023-10-02,gpl,0.7160,,,
2023-10-09,diesel,1.9216,,,
2023-10-09,benzina,1.9627,,,
2023-10-09,gpl,0.7212,,,
2023-10-16,diesel,1.8973,,,
2023-10-16,benzina,1.9187,,,
2023-10-16,gpl,0.7232,,,
2023-10-23,diesel,1.8837,,,
2023-10-23,benzina,1.8955,,,
2023-10-23,gpl,0.7240,,,
2023-10-30,diesel,1.8653,,,
2023-10-30,benzina,1.8728,,,
2023-10-30,gpl,0.7253,,,
2023-11-06,diesel,1.8477,,,
2023-11-06,benzina,1.8542,,,
2023-11-06,gpl,0.7278,,,
2023-11-13,diesel,1.8243,,,
2023-11-13,benzina,1.8350,,,
2023-11-13,gpl,0.7258,,,
2023-11-20,diesel,1.7965,,,
2023-11-20,benzina,1.8157,,,
2023-11-20,gpl,0.7264,,,
2023-11-27,diesel,1.7854,,,
2023-11-27,benzina,1.8053,,,
2023-11-27,gpl,0.7243,,,
2023-12-04,diesel,1.7734,,,
2023-12-04,benzina,1.7971,,,
2023-12-04,gpl,0.7250,,,
2023-12-11,diesel,1.7537,,,
2023-12-11,benzina,1.7801,,,
2023-12-11,gpl,0.7260,,,
2023-12-18,diesel,1.7321,,,
2023-12-18,benzina,1.7659,,,
2023-12-18,gpl,0.7159,,,
2023-12-25,diesel,1.7321,,,
2023-12-25,benzina,1.7659,,,
2023-12-25,gpl,0.7159,,,
2024-01-01,diesel,1.7307,,,
2024-01-01,benzina,1.7720,,,
2024-01-01,gpl,0.7267,,,
2024-01-08,diesel,1.7305,,,
2024-01-08,benzina,1.7737,,,
2024-01-08,gpl,0.7286,,,
2024-01-15,diesel,1.7245,,,
2024-01-15,benzina,1.7689,,,
2024-01-15,gpl,0.7197,,,
2024-01-22,diesel,1.7341,,,
2024-01-22,benzina,1.7778,,,
2024-01-22,gpl,0.7185,,,
2024-01-29,diesel,1.7669,,,
2024-01-29,benzina,1.8119,,,
2024-01-29,gpl,0.7174,,,
2024-02-05,diesel,1.7856,,,
2024-02-05,benzina,1.8267,,,
2024-02-05,gpl,0.7181,,,
2024-02-12,diesel,1.8015,,,
2024-02-12,benzina,1.8400,,,
2024-02-12,gpl,0.7234,,,
2024-02-19,diesel,1.8326,,,
2024-02-19,benzina,1.8639,,,
2024-02-19,gpl,0.7246,,,
2024-02-26,diesel,1.8264,,,
2024-02-26,benzina,1.8590,,,
2024-02-26,gpl,0.7241,,,
2024-03-04,diesel,1.8127,,,
2024-03-04,benzina,1.8520,,,
2024-03-04,gpl,0.7235,,,
2024-03-11,diesel,1.8007,,,
2024-03-11,benzina,1.8527,,,
2024-03-11,gpl,0.7218,,,
2024-03-18,diesel,1.7900,,,
2024-03-18,benzina,1.8514,,,
2024-03-18,gpl,0.7218,,,
2024-03-25,diesel,1.8007,,,
2024-03-25,benzina,1.8772,,,
2024-03-25,gpl,0.7215,,,
2024-04-01,diesel,1.7931,,,
2024-04-01,benzina,1.8872,,,
2024-04-01,gpl,0.7233,,,
2024-04-08,diesel,1.7988,,,
2024-04-08,benzina,1.9008,,,
2024-04-08,gpl,0.7229,,,
2024-04-15,diesel,1.8069,,,
2024-04-15,benzina,1.9137,,,
2024-04-15,gpl,0.7210,,,
2024-04-22,diesel,1.8025,,,
2024-04-22,benzina,1.9205,,,
2024-04-22,gpl,0.7206,,,
2024-04-29,diesel,1.7899,,,
2024-04-29,benzina,1.9146,,,
2024-04-29,gpl,0.7223,,,
2024-05-06,diesel,1.7752,,,
2024-05-06,benzina,1.9123,,,
2024-05-06,gpl,0.7218,,,
2024-05-13,diesel,1.7533,,,
2024-05-13,benzina,1.8986,,,
2024-05-13,gpl,0.7201,,,
2024-05-20,diesel,1.7333,,,
2024-05-20,benzina,1.8829,,,
2024-05-20,gpl,0.7193,,,
2024-05-27,diesel,1.7224,,,
2024-05-27,benzina,1.8739,,,
2024-05-27,gpl,0.7178,,,
2024-06-03,diesel,1.7109,,,
2024-06-03,benzina,1.8651,,,
2024-06-03,gpl,0.7167,,,
2024-06-10,diesel,1.6950,,,
2024-06-10,benzina,1.8507,,,
2024-06-10,gpl,0.7151,,,
2024-06-17,diesel,1.6943,,,
2024-06-17,benzina,1.8444,,,
2024-06-17,gpl,0.7147,,,
2024-06-24,diesel,1.7158,,,
2024-06-24,benzina,1.8456,,,
2024-06-24,gpl,0.7130,,,
2024-07-01,diesel,1.7375,,,
2024-07-01,benzina,1.8597,,,
2024-07-01,gpl,0.7127,,,
2024-07-08,diesel,1.7517,,,
2024-07-08,benzina,1.8715,,,
2024-07-08,gpl,0.7195,,,
2024-07-15,diesel,1.7510,,,
2024-07-15,benzina,1.8698,,,
2024-07-15,gpl,0.7233,,,
2024-07-22,diesel,1.7424,,,
2024-07-22,benzina,1.8622,,,
2024-07-22,gpl,0.7225,,,
2024-07-29,diesel,1.7306,,,
2024-07-29,benzina,1.8515,,,
2024-07-29,gpl,0.7214,,,
2024-08-05,diesel,1.7172,,,
2024-08-05,benzina,1.8386,,,
2024-08-05,gpl,0.7209,,,
2024-08-12,diesel,1.7052,,,
2024-08-12,benzina,1.8280,,,
2024-08-12,gpl,0.7209,,,
2024-08-19,diesel,1.6984,,,
2024-08-19,benzina,1.8221,,,
2024-08-19,gpl,0.7292,,,
2024-08-26,diesel,1.6842,,,
2024-08-26,benzina,1.8110,,,
2024-08-26,gpl,0.7229,,,
2024-09-02,diesel,1.6681,,,
2024-09-02,benzina,1.7958,,,
2024-09-02,gpl,0.7212,,,
2024-09-09,diesel,1.6555,,,
2024-09-09,benzina,1.7823,,,
2024-09-09,gpl,0.7212,,,
2024-09-16,diesel,1.6357,,,
2024-09-16,benzina,1.7594,,,
2024-09-16,gpl,0.7222,,,
2024-09-23,diesel,1.6222,,,
2024-09-23,benzina,1.7430,,,
2024-09-23,gpl,0.7223,,,
2024-09-30,diesel,1.6155,,,
2024-09-30,benzina,1.7348,,,
2024-09-30,gpl,0.7221,,,
2024-10-07,diesel,1.6124,,,
2024-10-07,benzina,1.7314,,,
2024-10-07,gpl,0.7244,,,
2024-10-14,diesel,1.6400,,,
2024-10-14,benzina,1.7575,,,
2024-10-14,gpl,0.7262,,,
2024-10-21,diesel,1.6453,,,
2024-10-21,benzina,1.7653,,,
2024-10-21,gpl,0.7280,,,
2024-10-28,diesel,1.6355,,,
2024-10-28,benzina,1.7621,,,
2024-10-28,gpl,0.7296,,,
2024-11-04,diesel,1.6319,,,
2024-11-04,benzina,1.7565,,,
2024-11-04,gpl,0.7318,,,
2024-11-11,diesel,1.6353,,,
2024-11-11,benzina,1.7564,,,
2024-11-11,gpl,0.7320,,,
2024-11-18,diesel,1.6344,,,
2024-11-18,benzina,1.7539,,,
2024-11-18,gpl,0.7340,,,
2024-11-25,diesel,1.6489,,,
2024-11-25,benzina,1.7581,,,
2024-11-25,gpl,0.7362,,,
2024-12-02,diesel,1.6615,,,
2024-12-02,benzina,1.7637,,,
2024-12-02,gpl,0.7375,,,
2024-12-09,diesel,1.6554,,,
2024-12-09,benzina,1.7571,,,
2024-12-09,gpl,0.7379,,,
2024-12-16,diesel,1.6478,,,
2024-12-16,benzina,1.7504,,,
2024-12-16,gpl,0.7381,,,
2024-12-23,diesel,1.6533,,,
2024-12-23,benzina,1.7546,,,
2024-12-23,gpl,0.7386,,,
2024-12-30,diesel,1.6560,,,
2024-12-30,benzina,1.7567,,,
2024-12-30,gpl,0.7429,,,
2025-01-06,diesel,1.6719,,,
2025-01-06,benzina,1.7726,,,
2025-01-06,gpl,0.7416,,,
2025-01-13,diesel,1.6924,,,
2025-01-13,benzina,1.7931,,,
2025-01-13,gpl,0.7408,,,
2025-01-20,diesel,1.7269,,,
2025-01-20,benzina,1.8231,,,
2025-01-20,gpl,0.7393,,,
2025-01-27,diesel,1.7395,,,
2025-01-27,benzina,1.8313,,,
2025-01-27,gpl,0.7388,,,
2025-02-03,diesel,1.7304,,,
2025-02-03,benzina,1.8235,,,
2025-02-03,gpl,0.7391,,,
2025-02-10,diesel,1.7304,,,
2025-02-10,benzina,1.8235,,,
2025-02-10,gpl,0.7391,,,
2025-02-17,diesel,1.7273,,,
2025-02-17,benzina,1.8246,,,
2025-02-17,gpl,0.7446,,,
2025-02-24,diesel,1.7269,,,
2025-02-24,benzina,1.8236,,,
2025-02-24,gpl,0.7451,,,
2025-03-03,diesel,1.7191,,,
2025-03-03,benzina,1.8161,,,
2025-03-03,gpl,0.7450,,,
2025-03-10,diesel,1.7038,,,
2025-03-10,benzina,1.8018,,,
2025-03-10,gpl,0.7449,,,
2025-03-17,diesel,1.6833,,,
2025-03-17,benzina,1.7821,,,
2025-03-17,gpl,0.7443,,,
2025-03-24,diesel,1.6669,,,
2025-03-24,benzina,1.7673,,,
2025-03-24,gpl,0.7429,,,
2025-03-31,diesel,1.6595,,,
2025-03-31,benzina,1.7618,,,
2025-03-31,gpl,0.7423,,,
2025-04-07,diesel,1.6572,,,
2025-04-07,benzina,1.7612,,,
2025-04-07,gpl,0.7417,,,
2025-04-14,diesel,1.6324,,,
2025-04-14,benzina,1.7387,,,
2025-04-14,gpl,0.7375,,,
2025-04-21,diesel,1.6097,,,
2025-04-21,benzina,1.7161,,,
2025-04-21,gpl,0.7403,,,
2025-04-28,diesel,1.5988,,,
2025-04-28,benzina,1.7052,,,
2025-04-28,gpl,0.7406,,,
2025-05-05,diesel,1.5895,,,
2025-05-05,benzina,1.6968,,,
2025-05-05,gpl,0.7364,,,
2025-05-12,diesel,1.5786,,,
2025-05-12,benzina,1.6897,,,
2025-05-12,gpl,0.7217,,,
2025-05-19,diesel,1.5912,,,
2025-05-19,benzina,1.6987,,,
2025-05-19,gpl,0.7203,,,
2025-05-26,diesel,1.5986,,,
2025-05-26,benzina,1.6978,,,
2025-05-26,gpl,0.7211,,,
2025-06-02,diesel,1.5916,,,
2025-06-02,benzina,1.6930,,,
2025-06-02,gpl,0.7204,,,
2025-06-09,diesel,1.5856,,,
2025-06-09,benzina,1.6898,,,
2025-06-09,gpl,0.7160,,,
2025-06-16,diesel,1.5937,,,
2025-06-16,benzina,1.6966,,,
2025-06-16,gpl,0.7088,,,
2025-06-23,diesel,1.6431,,,
2025-06-23,benzina,1.7341,,,
2025-06-23,gpl,0.7083,,,
2025-06-30,diesel,1.6759,,,
2025-06-30,benzina,1.7472,,,
2025-06-30,gpl,0.7081,,,
2025-07-07,diesel,1.6637,,,
2025-07-07,benzina,1.7335,,,
2025-07-07,gpl,0.7065,,,
2025-07-14,diesel,1.6628,,,
2025-07-14,benzina,1.7288,,,
2025-07-14,gpl,0.7049,,,
2025-07-21,diesel,1.6637,,,
2025-07-21,benzina,1.7272,,,
2025-07-21,gpl,0.7032,,,
2025-07-28,diesel,1.6604,,,
2025-07-28,benzina,1.7206,,,
2025-07-28,gpl,0.7027,,,
2025-08-04,diesel,1.6489,,,
2025-08-04,benzina,1.7127,,,
2025-08-04,gpl,0.7017,,,
2025-08-11,diesel,1.6414,,,
2025-08-11,benzina,1.7093,,,
2025-08-11,gpl,0.7010,,,
2025-08-18,diesel,1.6314,,,
2025-08-18,benzina,1.7013,,,
2025-08-18,gpl,0.7060,,,
2025-08-25,diesel,1.6220,,,
2025-08-25,benzina,1.6954,,,
2025-08-25,gpl,0.7024,,,
2025-09-01,diesel,1.6225,,,
2025-09-01,benzina,1.6968,,,
2025-09-01,gpl,0.6993,,,
2025-09-08,diesel,1.6301,,,
2025-09-08,benzina,1.7053,,,
2025-09-08,gpl,0.6986,,,
2025-09-15,diesel,1.6348,,,
2025-09-15,benzina,1.7108,,,
2025-09-15,gpl,0.6976,,,
2025-09-22,diesel,1.6383,,,
2025-09-22,benzina,1.7135,,,
2025-09-22,gpl,0.6967,,,
2025-09-29,diesel,1.6377,,,
2025-09-29,benzina,1.7117,,,
2025-09-29,gpl,0.6962,,,
2025-10-06,diesel,1.6360,,,
2025-10-06,benzina,1.7089,,,
2025-10-06,gpl,0.6950,,,
2025-10-13,diesel,1.6254,,,
2025-10-13,benzina,1.6993,,,
2025-10-13,gpl,0.6955,,,
2025-10-20,diesel,1.6158,,,
2025-10-20,benzina,1.6903,,,
2025-10-20,gpl,0.6955,,,
2025-10-27,diesel,1.6088,,,
2025-10-27,benzina,1.6835,,,
2025-10-27,gpl,0.6952,,,
2025-11-03,diesel,1.6323,,,
2025-11-03,benzina,1.6948,,,
2025-11-03,gpl,0.6960,,,
2025-11-10,diesel,1.6543,,,
2025-11-10,benzina,1.7055,,,
2025-11-10,gpl,0.6943,,,
2025-11-17,diesel,1.6828,,,
2025-11-17,benzina,1.7195,,,
2025-11-17,gpl,0.6943,,,
2025-11-24,diesel,1.7026,,,
2025-11-24,benzina,1.7307,,,
2025-11-24,gpl,0.6941,,,
2025-12-01,diesel,1.7014,,,
2025-12-01,benzina,1.7272,,,
2025-12-01,gpl,0.6933,,,
2025-12-08,diesel,1.6843,,,
2025-12-08,benzina,1.7182,,,
2025-12-08,gpl,0.6935,,,
2025-12-15,diesel,1.6651,,,
2025-12-15,benzina,1.7080,,,
2025-12-15,gpl,0.6948,,,
2025-12-22,diesel,1.6425,,,
2025-12-22,benzina,1.6900,,,
2025-12-22,gpl,0.6931,,,
2025-12-29,diesel,1.6286,,,
2025-12-29,benzina,1.6789,,,
2025-12-29,gpl,0.6969,,,
2026-01-05,diesel,1.6442,,,
2026-01-05,benzina,1.6547,,,
2026-01-05,gpl,0.6875,,,
2026-01-12,diesel,1.6604,,,
2026-01-12,benzina,1.6273,,,
2026-01-12,gpl,0.6954,,,
2026-01-19,diesel,1.6607,,,
2026-01-19,benzina,1.6262,,,
2026-01-19,gpl,0.6931,,,
2026-01-26,diesel,1.6735,,,
2026-01-26,benzina,1.6350,,,
2026-01-26,gpl,0.6932,,,
2026-02-02,diesel,1.6819,,,
2026-02-02,benzina,1.6416,,,
2026-02-02,gpl,0.6935,,,
2026-02-09,diesel,1.6910,,,
2026-02-09,benzina,1.6449,,,
2026-02-09,gpl,0.6933,,,
2026-02-16,diesel,1.6955,,,
2026-02-16,benzina,1.6483,,,
2026-02-16,gpl,0.6936,,,
2026-02-23,diesel,1.7018,,,
2026-02-23,benzina,1.6546,,,
2026-02-23,gpl,0.6938,,,
2026-03-02,diesel,1.7207,,,
2026-03-02,benzina,1.6704,,,
2026-03-02,gpl,0.6968,,,
2026-03-09,diesel,1.8692,,,
2026-03-09,benzina,1.7452,,,
2026-03-09,gpl,0.7105,,,
2026-03-16,diesel,2.0335,,,
2026-03-16,benzina,1.8192,,,
2026-03-16,gpl,0.7161,,,
2026-03-23,diesel,2.0232,,,
2026-03-23,benzina,1.7787,,,
2026-03-23,gpl,0.6905,,,
2026-03-30,diesel,2.0327,,,
2026-03-30,benzina,1.7334,,,
2026-03-30,gpl,0.6620,,,
2026-04-06,diesel,2.0921,,,
2026-04-06,benzina,1.7619,,,
2026-04-06,gpl,0.7273,,,
2026-04-13,diesel,2.1534,,,
2026-04-13,benzina,1.7827,,,
2026-04-13,gpl,0.7980,,,
2026-04-20,diesel,2.1147,,,
2026-04-20,benzina,1.7628,,,
2026-04-20,gpl,0.8038,,,
2026-04-27,diesel,2.0596,,,
2026-04-27,benzina,1.7321,,,
2026-04-27,gpl,0.8060,,,
2026-04-29,diesel,2.0575,1.528,2.745,20141
2026-04-29,benzina,1.7442,1.508,2.565,20159
2026-04-29,gpl,0.8008,0.010,1.399,4560
2026-04-29,metano,1.5771,0.010,8.888,1515
2026-05-01,diesel,2.0521,1.528,2.934,20156
2026-05-01,benzina,1.7556,1.508,2.565,20172
2026-05-01,gpl,0.8009,0.010,1.399,4564
2026-05-01,metano,1.5761,0.010,8.888,1515
2026-05-03,diesel,2.0495,1.198,2.745,20155
2026-05-03,benzina,1.8903,1.092,2.565,20173
2026-05-03,gpl,0.8182,0.010,1.399,4563
2026-05-03,metano,1.5738,0.010,8.888,1515
2026-05-05,diesel,2.0452,1.198,2.699,20212
2026-05-05,benzina,1.9316,1.191,2.569,20230
2026-05-05,gpl,0.8263,0.549,1.399,4574
2026-05-05,metano,1.5670,0.500,2.999,1515
2026-05-12,diesel,1.9975,1.000,2.999,20204
2026-05-12,benzina,1.9291,1.000,2.569,20221
2026-05-12,gpl,0.8181,0.549,1.399,4570
2026-05-12,metano,1.5617,0.500,2.999,1512
